pitcher_name,pitcher_walk_rate,pitcher_era,pitcher_strikeout_percentage,pitcher_batting_average_against,pitcher_home_run_average,pitcher_total_batters_faced
J.P. France,0.079646017699115,7.03125,0.1504424778761062,0.2743362831858407,0.0353982300884955,113.0
Alex Wood,0.1016949152542373,5.305466237942122,0.1807909604519774,0.2655367231638418,0.0282485875706214,177.0
Matt Manning,0.0918367346938775,4.372791519434629,0.2244897959183673,0.2142857142857142,0.0306122448979591,98.0
Cristian Javier,0.123076923076923,3.228962818003914,0.2,0.1692307692307692,0.023076923076923,130.0
Alex Lange,0.1851851851851851,2.553916004540295,0.2469135802469135,0.1604938271604938,0.0,81.0
Alek Manoah,0.0869565217391304,3.971756398940865,0.25,0.1739130434782608,0.0543478260869565,92.0
Mitch White,0.1274509803921568,7.486136783733826,0.1274509803921568,0.2352941176470588,0.0392156862745098,102.0
Sixto Sánchez,0.0884353741496598,6.255924170616114,0.1156462585034013,0.2653061224489796,0.0136054421768707,147.0
Michael Kelly,0.0634920634920634,2.67591674925669,0.1746031746031746,0.2142857142857142,0.0158730158730158,126.0
Robert Gasser,0.0109890109890109,1.9565217391304348,0.1428571428571428,0.2307692307692307,0.0,91.0
Ben Brown,0.0857142857142857,3.333333333333333,0.2904761904761905,0.1809523809523809,0.0142857142857142,210.0
Logan Allen,0.0775862068965517,3.670745272525028,0.1724137931034483,0.2241379310344827,0.0172413793103448,116.0
Kyle Bradish,0.0992907801418439,2.6223776223776225,0.3475177304964539,0.1702127659574468,0.0,141.0
Adam Cimber,0.1359223300970873,5.636743215031316,0.1844660194174757,0.1650485436893204,0.0097087378640776,103.0
Ray Kerr,0.0421052631578947,5.48780487804878,0.2842105263157894,0.2842105263157894,0.031578947368421,95.0
Jesús Luzardo,0.073076923076923,5.110317975340688,0.2153846153846154,0.2153846153846154,0.0269230769230769,260.0
Braxton Garrett,0.0303030303030303,6.100710135571337,0.2121212121212121,0.2651515151515151,0.0303030303030303,132.0
Sean Reid-Foley,0.146067415730337,1.6901408450704225,0.2696629213483146,0.1348314606741573,0.0,89.0
Jay Jackson,0.0727272727272727,6.756222836823389,0.2454545454545454,0.2363636363636363,0.0454545454545454,110.0
Victor González,0.1318681318681318,3.2330489447687474,0.1098901098901098,0.1318681318681318,0.0219780219780219,91.0
Keaton Winn,0.0833333333333333,6.666666666666667,0.2017543859649122,0.2236842105263158,0.0350877192982456,228.0
Patrick Sandoval,0.0948275862068965,5.239327296248384,0.2298850574712643,0.2385057471264367,0.0229885057471264,348.0
Tommy Henry,0.0981595092024539,6.23196768609348,0.1717791411042944,0.263803680981595,0.0429447852760736,163.0
Aaron Brooks,0.06,5.817174515235457,0.1,0.29,0.04,100.0
Chris Devenski,0.0948275862068965,6.235565819861431,0.2068965517241379,0.2327586206896551,0.0689655172413793,116.0
Spencer Turnbull,0.0865384615384615,2.6305533904910368,0.2692307692307692,0.173076923076923,0.0240384615384615,208.0
Triston McKenzie,0.1393939393939394,4.665757162346521,0.2151515151515151,0.1939393939393939,0.0515151515151515,330.0
Colten Brewer,0.0786516853932584,5.405405405405405,0.247191011235955,0.247191011235955,0.0112359550561797,89.0
Graham Ashcraft,0.0738461538461538,5.452292441140025,0.1692307692307692,0.2553846153846154,0.0338461538461538,325.0
Sam Hentges,0.0561797752808988,2.79007971656333,0.2921348314606741,0.1797752808988764,0.0224719101123595,89.0
Luis Medina,0.1132075471698113,4.373927958833619,0.1572327044025157,0.2264150943396226,0.0125786163522012,159.0
Luke Little,0.1621621621621621,3.470883146934053,0.2522522522522522,0.1351351351351351,0.009009009009009,111.0
Thyago Vieira,0.1395348837209302,5.358592692828146,0.2209302325581395,0.2151162790697674,0.0465116279069767,172.0
Nick Anderson,0.0961538461538461,4.04153802975021,0.1858974358974359,0.2179487179487179,0.0384615384615384,156.0
Jordan Leasure,0.125,5.348299768900628,0.1911764705882352,0.2058823529411764,0.0441176470588235,136.0
Chris Paddack,0.0544959128065395,5.186074429771909,0.1989100817438692,0.2643051771117166,0.0381471389645776,367.0
Spencer Howard,0.1037037037037037,6.340378197997776,0.1851851851851851,0.2962962962962963,0.0222222222222222,135.0
Christian Scott,0.0561797752808988,4.363888247517894,0.196629213483146,0.2134831460674157,0.0393258426966292,178.0
Josh Fleming,0.0984848484848484,3.99453738477296,0.1287878787878787,0.2348484848484848,0.0151515151515151,132.0
Yonny Chirinos,0.0762711864406779,5.762304921968787,0.1779661016949152,0.288135593220339,0.0423728813559322,118.0
Adrian Houser,0.1035598705501618,5.797950219619326,0.1423948220064725,0.233009708737864,0.0258899676375404,309.0
Adam Mazur,0.1266666666666666,7.8437701743060035,0.14,0.2533333333333333,0.0333333333333333,150.0
Giovanny Gallegos,0.1136363636363636,6.649076517150396,0.1931818181818181,0.2386363636363636,0.0681818181818181,88.0
Rafael Montero,0.1071428571428571,4.700966309741447,0.1369047619047619,0.2083333333333333,0.0476190476190476,168.0
Jake Diekman,0.1739130434782608,5.246113989637306,0.2753623188405797,0.1521739130434782,0.0434782608695652,138.0
Josh Staumont,0.1134020618556701,1.8773466833541927,0.1855670103092783,0.1443298969072164,0.0,97.0
Bryce Jarvis,0.127906976744186,3.2435215376694697,0.1395348837209302,0.1937984496124031,0.0232558139534883,258.0
Yohan Ramírez,0.0876288659793814,5.987611837577425,0.2268041237113402,0.2371134020618556,0.0206185567010309,194.0
Stephen Kolek,0.0443349753694581,5.0077898953928335,0.1921182266009852,0.2906403940886699,0.0197044334975369,203.0
Drew Thorpe,0.1151515151515151,4.806714140386572,0.1515151515151515,0.1696969696969697,0.0424242424242424,165.0
Grayson Rodriguez,0.0705128205128205,3.823555997469041,0.2606837606837607,0.22008547008547,0.0299145299145299,468.0
Jacob Latz,0.1297297297297297,3.4673729833855043,0.2162162162162162,0.1945945945945946,0.027027027027027,185.0
Hunter Harvey,0.0744186046511627,4.537205081669691,0.2511627906976744,0.2325581395348837,0.0232558139534883,215.0
Bryce Elder,0.0717703349282296,5.676381035232709,0.1913875598086124,0.2679425837320574,0.0287081339712918,209.0
Carlos Carrasco,0.0711009174311926,5.528700906344411,0.1926605504587156,0.2454128440366972,0.0389908256880734,436.0
Joe Ryan,0.0433145009416195,3.587275325261337,0.2730696798493409,0.2052730696798493,0.0338983050847457,531.0
Yerry Rodríguez,0.1287128712871287,9.156976744186046,0.1584158415841584,0.2574257425742574,0.0693069306930693,101.0
Jonathan Hernández,0.1333333333333333,4.821802935010482,0.2,0.2051282051282051,0.0307692307692307,195.0
Marco Gonzales,0.0687022900763358,3.7254225595032766,0.1526717557251908,0.2671755725190839,0.0229007633587786,131.0
Kyle Tyler,0.123076923076923,5.272793848407177,0.1692307692307692,0.2461538461538461,0.023076923076923,130.0
Jhony Brito,0.0449438202247191,3.956043956043956,0.146067415730337,0.2640449438202247,0.0224719101123595,178.0
Dakota Hudson,0.1147132169576059,5.84144645340751,0.1197007481296758,0.2394014962593516,0.0249376558603491,401.0
Tyler Glasnow,0.0623700623700623,3.540983606557377,0.3347193347193347,0.1767151767151767,0.0291060291060291,481.0
James Paxton,0.1131221719457013,4.426377597109305,0.1651583710407239,0.2104072398190045,0.0271493212669683,442.0
A.J. Minter,0.0827067669172932,2.704326923076923,0.2556390977443609,0.1654135338345864,0.0451127819548872,133.0
Jordan Weems,0.1041666666666666,6.595017098192477,0.1770833333333333,0.2552083333333333,0.0364583333333333,192.0
Davis Daniel,0.036036036036036,6.042654028436019,0.2072072072072072,0.2792792792792792,0.036036036036036,111.0
Austin Adams,0.1263736263736263,4.027846842366982,0.2802197802197802,0.2087912087912088,0.0219780219780219,182.0
Steven Wilson,0.1666666666666666,5.575221238938053,0.2179487179487179,0.1794871794871795,0.0448717948717948,156.0
Dominic Leone,0.1395348837209302,5.800214822771213,0.1976744186046511,0.2093023255813953,0.0465116279069767,86.0
José Soriano,0.0915032679738562,3.365867007206057,0.2004357298474945,0.1917211328976034,0.0174291938997821,459.0
Andrew Abbott,0.0893169877408056,3.5875451263537905,0.1926444833625218,0.2119089316987741,0.042031523642732,571.0
Pete Fairbanks,0.087431693989071,3.022839229735782,0.2295081967213114,0.180327868852459,0.0163934426229508,183.0
Yimi García,0.0805369127516778,3.2642487046632125,0.3288590604026846,0.1409395973154362,0.0335570469798657,149.0
Trevor Rogers,0.0968921389396709,4.890895410082769,0.1681901279707495,0.2468007312614259,0.0237659963436928,547.0
Alex Faedo,0.1115702479338843,3.724361281036344,0.2231404958677686,0.1983471074380165,0.0371900826446281,242.0
Andrew Nardi,0.0821256038647343,4.754164973587972,0.3381642512077294,0.2028985507246377,0.0338164251207729,207.0
Peter Lambert,0.0989010989010989,5.465587044534413,0.1758241758241758,0.2490842490842491,0.0219780219780219,273.0
Nick Lodolo,0.0731182795698924,4.556550040683483,0.243010752688172,0.2129032258064516,0.0279569892473118,465.0
Paul Blackburn,0.0686274509803921,4.192355117139335,0.1895424836601307,0.2156862745098039,0.0326797385620915,306.0
Steven Okert,0.0974025974025974,5.260081823495033,0.2077922077922078,0.2337662337662337,0.0389610389610389,154.0
Dany Jiménez,0.1636363636363636,3.654080389768575,0.2181818181818181,0.1636363636363636,0.0545454545454545,110.0
Hunter Stratton,0.0445859872611464,3.5923363491218736,0.2101910828025477,0.2356687898089172,0.019108280254777,157.0
Dedniel Núñez,0.0610687022900763,2.434625788999098,0.3435114503816794,0.1755725190839694,0.0229007633587786,131.0
Will Smith,0.0828729281767955,5.450581395348837,0.1602209944751381,0.2320441988950276,0.0331491712707182,181.0
Bryan Sammons,0.0786516853932584,3.91644908616188,0.1685393258426966,0.146067415730337,0.0561797752808988,89.0
Robbie Ray,0.1052631578947368,4.88245931283906,0.3421052631578947,0.1666666666666666,0.0526315789473684,114.0
Matt Moore,0.1207729468599033,4.694345921134989,0.1980676328502415,0.1835748792270531,0.0483091787439613,207.0
Logan Allen,0.0883054892601432,5.559167750325098,0.1861575178997613,0.2505966587112171,0.0477326968973747,419.0
Trevor Richards,0.1278195488721804,4.554079696394687,0.225563909774436,0.1578947368421052,0.0263157894736842,266.0
Brad Keller,0.0783132530120482,5.3083109919571045,0.180722891566265,0.2469879518072289,0.0481927710843373,166.0
Roddery Muñoz,0.1117166212534059,5.977859778597786,0.1907356948228883,0.2234332425068119,0.0626702997275204,367.0
Mason Englert,0.0470588235294117,5.9511698880976605,0.1647058823529411,0.2588235294117647,0.0470588235294117,85.0
Noah Davis,0.0674157303370786,4.340836012861736,0.1348314606741573,0.3033707865168539,0.0224719101123595,89.0
Clayton Kershaw,0.0625,3.7267080745341614,0.1875,0.2578125,0.0078125,128.0
Jon Gray,0.0613207547169811,4.318089015924867,0.1910377358490566,0.2452830188679245,0.0212264150943396,424.0
Yunior Marte,0.1186440677966101,7.130942452043369,0.1949152542372881,0.2711864406779661,0.0423728813559322,118.0
Gavin Stone,0.0631578947368421,3.325942350332594,0.1964912280701754,0.2245614035087719,0.0280701754385964,570.0
Bryse Wilson,0.0714285714285714,4.191023481620925,0.184331797235023,0.2304147465437788,0.0460829493087557,434.0
Touki Toussaint,0.1523809523809524,6.646971935007385,0.219047619047619,0.2666666666666666,0.019047619047619,105.0
Bryan Hudson,0.0666666666666666,1.7818841775284606,0.2666666666666666,0.1244444444444444,0.0311111111111111,225.0
Ben Joyce,0.0992907801418439,2.1415823914336705,0.2198581560283688,0.1843971631205673,0.0070921985815602,141.0
Max Meyer,0.08,5.4354178842782,0.1822222222222222,0.2355555555555555,0.0533333333333333,225.0
Jeffrey Springs,0.075,3.668025194516488,0.275,0.25,0.0333333333333333,120.0
Tyler Phillips,0.0460526315789473,5.50152820227841,0.1776315789473684,0.2434210526315789,0.0460526315789473,152.0
Kyle Harrison,0.0782442748091603,4.217709446682562,0.2194656488549618,0.2251908396946564,0.032442748091603,524.0
Calvin Faucher,0.1082251082251082,3.250332636380916,0.2683982683982684,0.2077922077922078,0.0,231.0
Domingo Germán,0.1481481481481481,6.115515288788222,0.1851851851851851,0.1975308641975308,0.0246913580246913,81.0
Grant Anderson,0.0833333333333333,7.7790304396843295,0.2416666666666666,0.25,0.0833333333333333,120.0
Ron Marinaccio,0.0978260869565217,3.225806451612903,0.2608695652173913,0.1739130434782608,0.0434782608695652,92.0
Scott Barlow,0.1324786324786324,4.228528472091712,0.282051282051282,0.1837606837606837,0.0213675213675213,234.0
Sam Moll,0.0855263157894736,2.6343799893560407,0.25,0.1710526315789473,0.0131578947368421,152.0
Ty Blach,0.0566037735849056,6.652868125369603,0.110062893081761,0.3050314465408805,0.0440251572327044,318.0
Osvaldo Bido,0.099601593625498,3.523079432392758,0.2390438247011952,0.1673306772908366,0.0119521912350597,251.0
Paul Sewald,0.0628930817610062,4.192546583850931,0.2578616352201258,0.2075471698113207,0.0377358490566037,159.0
Hans Crouse,0.1485148514851485,3.0037546933667083,0.3267326732673267,0.1386138613861386,0.0198019801980198,101.0
Luis Castillo,0.0642458100558659,3.604178757980266,0.2402234636871508,0.2136871508379888,0.0349162011173184,716.0
Nick Nastrini,0.2,7.797029702970297,0.15,0.19375,0.04375,160.0
Brennan Bernardino,0.0950226244343891,3.741833300336568,0.253393665158371,0.2171945701357466,0.0271493212669683,221.0
Bradley Blalock,0.12,5.403377110694184,0.128,0.24,0.024,125.0
Chase Anderson,0.0836820083682008,4.98303268440793,0.1673640167364016,0.2133891213389121,0.0460251046025104,239.0
Slade Cecconi,0.0479041916167664,6.605504587155964,0.1916167664670658,0.2664670658682634,0.0479041916167664,334.0
Tanner Gordon,0.0422535211267605,7.55082284607938,0.176056338028169,0.3028169014084507,0.056338028169014,142.0
Elvis Peguero,0.1116071428571428,3.0649038461538463,0.2008928571428571,0.21875,0.0178571428571428,224.0
José Ureña,0.0820734341252699,3.692307692307693,0.1468682505399568,0.2224622030237581,0.0280777537796976,463.0
Cam Booser,0.0824175824175824,2.981542830099385,0.2307692307692307,0.2197802197802197,0.0219780219780219,182.0
Zack Kelly,0.1050420168067226,3.499469777306469,0.2563025210084033,0.180672268907563,0.042016806722689,238.0
Chris Stratton,0.1264367816091954,5.407725321888412,0.1762452107279693,0.2030651340996168,0.0191570881226053,261.0
Dylan Floro,0.0545454545454545,3.244704821991888,0.1709090909090909,0.2181818181818181,0.0109090909090909,275.0
Max Scherzer,0.0496894409937888,3.891149542217701,0.2360248447204969,0.217391304347826,0.0372670807453416,161.0
Jordan Hicks,0.0960334029227557,3.905817174515236,0.1983298538622129,0.2254697286012526,0.0250521920668058,479.0
James McArthur,0.0515873015873015,4.899894625922023,0.1944444444444444,0.2698412698412698,0.0317460317460317,252.0
Tayler Scott,0.1228070175438596,2.100043750911477,0.2526315789473684,0.1543859649122807,0.0210526315789473,285.0
Kyle Nicolas,0.1224489795918367,3.7919032789888254,0.2244897959183673,0.2081632653061224,0.0163265306122449,245.0
Shelby Miller,0.0516431924882629,4.673590504451038,0.2300469483568075,0.1877934272300469,0.0422535211267605,213.0
Burch Smith,0.0502092050209205,5.143805309734513,0.1799163179916318,0.2677824267782426,0.0251046025104602,239.0
Craig Kimbrel,0.1312217194570135,4.357931435212086,0.3212669683257919,0.167420814479638,0.0316742081447963,221.0
Jordan Wicks,0.0952380952380952,5.270863836017569,0.201058201058201,0.2539682539682539,0.0317460317460317,189.0
Jesse Chavez,0.0727969348659003,3.068181818181818,0.2030651340996168,0.2183908045977011,0.0383141762452107,261.0
Lance Lynn,0.0865979381443299,3.962264150943396,0.2144329896907216,0.2247422680412371,0.0309278350515463,485.0
Bailey Horn,0.108433734939759,6.020066889632107,0.1566265060240964,0.2409638554216867,0.0481927710843373,83.0
Michael Grove,0.0773195876288659,4.186931698033411,0.268041237113402,0.190721649484536,0.0257731958762886,194.0
Bobby Miller,0.1146245059288537,8.169692478695813,0.1976284584980237,0.2450592885375494,0.067193675889328,253.0
Tyler Kinley,0.1134751773049645,5.80188679245283,0.2553191489361702,0.2092198581560283,0.0390070921985815,282.0
Jake Woodford,0.0642857142857142,8.014511873350923,0.15,0.2857142857142857,0.0357142857142857,140.0
Sonny Gray,0.0596330275229357,3.753735059760957,0.2981651376146789,0.2033639143730886,0.0321100917431192,654.0
Nestor Cortes,0.0515021459227467,3.904207273591633,0.223175965665236,0.2260371959942775,0.0343347639484978,699.0
George Soriano,0.0948275862068965,5.675074183976261,0.25,0.2068965517241379,0.0517241379310344,116.0
Jorge López,0.085972850678733,2.946273830155979,0.2217194570135746,0.2081447963800905,0.0271493212669683,221.0
John Brebbia,0.0805084745762711,6.01113172541744,0.2711864406779661,0.2330508474576271,0.0466101694915254,236.0
Julian Aguiar,0.0854700854700854,4.88245931283906,0.1282051282051282,0.2051282051282051,0.0512820512820512,117.0
Shawn Armstrong,0.0841750841750841,4.641990291262136,0.2222222222222222,0.2491582491582491,0.0202020202020202,297.0
Chris Sale,0.0535455861070911,2.345922150139018,0.3169319826338639,0.1968162083936324,0.0115774240231548,691.0
Jake Cousins,0.130718954248366,2.3955283470854405,0.3398692810457516,0.130718954248366,0.0326797385620915,153.0
Cooper Criswell,0.0705882352941176,3.9373283141723463,0.1694117647058823,0.2352941176470588,0.0235294117647058,425.0
Chad Kuhl,0.1054852320675105,5.164498852333589,0.2278481012658227,0.2320675105485232,0.0210970464135021,237.0
JoJo Romero,0.0625,2.768284347231716,0.2125,0.2041666666666666,0.0291666666666666,240.0
Matthew Boyd,0.0689655172413793,2.524544179523142,0.2758620689655172,0.193103448275862,0.0206896551724137,145.0
Brandon Bielak,0.0692307692307692,4.183053271362174,0.1,0.2846153846153846,0.0307692307692307,130.0
Blake Snell,0.1075,3.306797305572566,0.34,0.1575,0.015,400.0
Shota Imanaga,0.0416047548291233,3.01255230125523,0.2540861812778603,0.212481426448737,0.0401188707280832,673.0
Kenley Jansen,0.091324200913242,3.355704697986577,0.2785388127853881,0.1735159817351598,0.0182648401826484,219.0
Gavin Williams,0.0970873786407767,5.120182050917366,0.2459546925566343,0.2200647249190938,0.0226537216828478,309.0
Jordan Montgomery,0.0803059273422562,6.233351092168354,0.147227533460803,0.2734225621414914,0.0267686424474187,523.0
Seth Martinez,0.085972850678733,3.293528505392912,0.167420814479638,0.2081447963800905,0.0316742081447963,221.0
Bryan King,0.1,1.6304347826086956,0.3,0.1454545454545454,0.009090909090909,110.0
Kaleb Ort,0.0333333333333333,2.6293823038397326,0.2888888888888888,0.1666666666666666,0.0777777777777777,90.0
Zach Pop,0.087378640776699,5.681818181818182,0.1601941747572815,0.2184466019417475,0.0436893203883495,206.0
Tanner Houck,0.0643835616438356,3.350131714580231,0.2123287671232876,0.2178082191780821,0.0164383561643835,730.0
Chris Bassitt,0.0852503382949932,4.159414200828281,0.2246278755074424,0.2381596752368065,0.0243572395128552,739.0
Bryce Miller,0.0621387283236994,3.064050778995961,0.2398843930635838,0.1864161849710982,0.0303468208092485,692.0
Hunter Brown,0.0811965811965812,3.5677258035006405,0.2435897435897435,0.2179487179487179,0.0256410256410256,702.0
Andrés Muñoz,0.1125541125541125,2.163090128755365,0.329004329004329,0.1298701298701298,0.0259740259740259,231.0
Tarik Skubal,0.0464480874316939,2.468140022584288,0.3019125683060109,0.1912568306010929,0.0204918032786885,732.0
Michael King,0.0839363241678726,2.940286768709541,0.2793053545586107,0.1982633863965267,0.0231548480463096,691.0
Brent Honeywell,0.0738255033557047,2.776998597475456,0.1208053691275167,0.2080536912751678,0.0201342281879194,149.0
Framber Valdez,0.0760401721664275,2.848602074907684,0.236728837876614,0.1893830703012912,0.0172166427546628,697.0
Brandon Hughes,0.1111111111111111,8.834355828220858,0.2469135802469135,0.2839506172839506,0.0987654320987654,81.0
Yilber Diaz,0.09009009009009,3.858144972720187,0.1621621621621621,0.2162162162162162,0.027027027027027,111.0
Logan Webb,0.0588235294117647,3.696653977158886,0.2,0.2364705882352941,0.0129411764705882,850.0
Tanner Bibee,0.0610465116279069,3.565212172138527,0.2616279069767442,0.2122093023255813,0.0319767441860465,688.0
Carson Spiers,0.0637755102040816,5.402909258831678,0.1989795918367347,0.2729591836734694,0.0459183673469387,392.0
Luis Severino,0.0784574468085106,3.792774063044333,0.2074468085106383,0.2114361702127659,0.0292553191489361,752.0
Tommy Nance,0.0919540229885057,3.430204859456884,0.2068965517241379,0.1839080459770115,0.0229885057471264,87.0
Taijuan Walker,0.0887728459530026,6.918008784773059,0.1488250652741514,0.2689295039164491,0.06266318537859,383.0
Cole Ragans,0.0851063829787234,3.226874069170942,0.288563829787234,0.1914893617021276,0.0199468085106383,752.0
Mitchell Parker,0.0652866242038216,4.439876670092498,0.2038216560509554,0.2372611464968153,0.0286624203821656,628.0
Bowden Francis,0.0541237113402061,3.4671532846715327,0.2268041237113402,0.1829896907216494,0.0438144329896907,388.0
Cole Irvin,0.0552147239263803,5.158296943231441,0.1595092024539877,0.2699386503067484,0.0368098159509202,489.0
Enoli Paredes,0.1176470588235294,1.7450315075133298,0.1647058823529411,0.1529411764705882,0.0,85.0
Justin Steele,0.0690298507462686,3.0319271112472244,0.2462686567164179,0.1996268656716417,0.0205223880597014,536.0
Kolby Allard,0.0666666666666666,4.304347826086956,0.1714285714285714,0.2761904761904762,0.0476190476190476,105.0
Dean Kremer,0.0924528301886792,4.188397657064912,0.2264150943396226,0.2018867924528302,0.0320754716981132,530.0
Brayan Bello,0.0895953757225433,4.492607102236826,0.2153179190751445,0.2239884393063584,0.0274566473988439,692.0
Caleb Ferguson,0.1037344398340249,4.73862354268522,0.2738589211618257,0.2323651452282157,0.0248962655601659,241.0
Zack Littell,0.0482115085536547,3.5613005341950803,0.208398133748056,0.2441679626749611,0.0326594090202177,643.0
George Kirby,0.0291777188328912,3.6007785467128026,0.2294429708222811,0.2347480106100795,0.0291777188328912,754.0
Yusei Kikuchi,0.0601398601398601,4.192216981132075,0.2769230769230769,0.2279720279720279,0.0349650349650349,715.0
Justin Anderson,0.1330472103004291,4.310344827586206,0.2446351931330472,0.1931330472103004,0.0214592274678111,233.0
Mason Black,0.0657894736842105,5.885850178359096,0.1842105263157894,0.2697368421052631,0.0460526315789473,152.0
Zac Gallen,0.0853858784893267,3.739963375123257,0.238095238095238,0.2151067323481116,0.0213464696223316,609.0
Erick Fedde,0.0718309859154929,3.3824652064125904,0.2028169014084507,0.2084507042253521,0.028169014084507,710.0
Austin Gomber,0.0551523947750362,4.669917479369842,0.1640058055152394,0.2481857764876632,0.0435413642960812,689.0
José Suarez,0.1141552511415525,6.091370558375634,0.2328767123287671,0.2374429223744292,0.0228310502283105,219.0
Davis Martin,0.088235294117647,4.275534441805226,0.2107843137254902,0.230392156862745,0.0245098039215686,204.0
Emilio Pagán,0.0691823899371069,3.897158322056833,0.270440251572327,0.2327044025157232,0.0314465408805031,159.0
Jakob Junis,0.0294117647058823,2.614590058102001,0.2016806722689075,0.1890756302521008,0.0294117647058823,238.0
Cristopher Sánchez,0.0571049136786188,3.2428780542731674,0.197875166002656,0.2350597609561753,0.0132802124833997,753.0
Javier Assad,0.0963081861958266,3.3452556280244057,0.1942215088282504,0.2166934189406099,0.0272873194221508,623.0
Jacob Barnes,0.0714285714285714,4.461657629744384,0.1964285714285714,0.2357142857142857,0.0357142857142857,280.0
DJ Herz,0.0906593406593406,4.204625087596356,0.2884615384615384,0.2032967032967033,0.0302197802197802,364.0
Freddy Peralta,0.0926966292134831,3.690058827024779,0.2710674157303371,0.1980337078651685,0.0365168539325842,712.0
Chad Green,0.0663507109004739,3.271475033480008,0.2132701421800948,0.1895734597156398,0.0379146919431279,211.0
Luis L. Ortiz,0.0770676691729323,3.4292379471228616,0.1917293233082706,0.1973684210526315,0.0281954887218045,532.0
Kevin Gausman,0.0717185385656292,3.909911969818224,0.2151556156968876,0.2178619756427605,0.027063599458728,739.0
Simeon Woods Richardson,0.0833333333333333,4.004524886877828,0.2039007092198581,0.2109929078014184,0.026595744680851,564.0
Gregory Soto,0.1134453781512605,4.537521815008726,0.2647058823529412,0.2352941176470588,0.0168067226890756,238.0
Dylan Cease,0.0829986613119143,3.4190817323347447,0.2945113788487282,0.1767068273092369,0.0240963855421686,747.0
Jack Flaherty,0.0549450549450549,3.096922194609061,0.2967032967032967,0.205651491365777,0.0361067503924646,637.0
Declan Cronin,0.0756578947368421,4.423243712055507,0.2335526315789473,0.2401315789473684,0.0032894736842105,304.0
Edward Cabrera,0.1221945137157107,5.125958378970427,0.2543640897755611,0.1945137157107231,0.0349127182044887,401.0
Carlos Estévez,0.0571428571428571,2.3341978510559467,0.238095238095238,0.1714285714285714,0.0238095238095238,210.0
Cody Bradford,0.0349650349650349,3.5930616740088106,0.2307692307692307,0.2027972027972027,0.0349650349650349,286.0
Cody Poteet,0.0823529411764705,2.1438780371605524,0.1529411764705882,0.1764705882352941,0.0235294117647058,85.0
Marcus Stroman,0.0894187779433681,4.046013486711622,0.1669150521609538,0.2339791356184798,0.0283159463487332,671.0
Zach Eflin,0.028657616892911,3.530290766452898,0.200603318250377,0.2443438914027149,0.0316742081447963,663.0
Tanner Scott,0.1194539249146757,1.5012510425354462,0.2866894197952218,0.1433447098976109,0.0102389078498293,293.0
Blake Treinen,0.0555555555555555,1.972386587771203,0.3111111111111111,0.1833333333333333,0.0277777777777777,180.0
Reese Olson,0.0726872246696035,3.4906270200387843,0.2158590308370044,0.211453744493392,0.0154185022026431,454.0
Michael Petersen,0.1046511627906976,6.276824034334764,0.1627906976744186,0.2441860465116279,0.0348837209302325,86.0
Tyler Alexander,0.0547945205479452,5.350355715817172,0.1917808219178082,0.2420091324200913,0.0525114155251141,438.0
Jesus Tinoco,0.0723684210526315,3.235747303543914,0.2697368421052631,0.1578947368421052,0.0197368421052631,152.0
Walker Buehler,0.0838509316770186,5.632200256009102,0.1956521739130435,0.2608695652173913,0.0496894409937888,322.0
Joe Musgrove,0.053475935828877,3.5745807590467784,0.248663101604278,0.2192513368983957,0.03475935828877,374.0
Ryan Fernandez,0.1095406360424028,3.0215168625057225,0.2438162544169611,0.1943462897526501,0.0141342756183745,283.0
Chris Flexen,0.0888252148997134,5.15625,0.166189111747851,0.2507163323782235,0.0343839541547277,698.0
Tyler Anderson,0.0934579439252336,3.7039154044012577,0.1869158878504672,0.205607476635514,0.0320427236315086,749.0
Garrett Cleavinger,0.1167315175097276,3.514431239388794,0.2762645914396887,0.1945525291828793,0.0233463035019455,257.0
Kyle Freeland,0.0525210084033613,4.955947136563876,0.1701680672268907,0.2605042016806723,0.0399159663865546,476.0
Kyle Gibson,0.0905292479108635,4.129686650969028,0.2033426183844011,0.2172701949860724,0.0306406685236768,718.0
Jhoan Duran,0.0642201834862385,3.787299158377965,0.2844036697247706,0.2155963302752293,0.018348623853211,218.0
Nick Mears,0.0916334661354581,5.798138869005011,0.2908366533864542,0.2390438247011952,0.0239043824701195,251.0
Kenny Rosenberg,0.0842105263157894,6.860409718913767,0.1368421052631579,0.2526315789473684,0.0526315789473684,95.0
Lucas Erceg,0.0647773279352226,3.4175334323922733,0.2874493927125506,0.1983805668016194,0.0121457489878542,247.0
Aaron Civale,0.0760059612518628,4.53107855160395,0.2146050670640834,0.2309985096870342,0.0432190760059612,671.0
Mitch Keller,0.0646029609690444,4.214603688500896,0.215343203230148,0.2368775235531628,0.0309555854643337,743.0
Michael Wacha,0.0648967551622418,3.2852811977974388,0.2109144542772861,0.21976401179941,0.023598820058997,678.0
J.T. Ginn,0.0564516129032258,4.3963712491277045,0.2177419354838709,0.25,0.032258064516129,124.0
Bryan Baker,0.0666666666666666,4.506144742831133,0.2111111111111111,0.2,0.0222222222222222,90.0
Griffin Jax,0.055350553505535,2.0589076351158138,0.3431734317343173,0.1697416974169741,0.014760147601476,271.0
David Festa,0.0856031128404669,4.80160053351117,0.2801556420233463,0.2140077821011673,0.0350194552529182,257.0
Valente Bellozo,0.072992700729927,3.818353236957888,0.1532846715328467,0.22992700729927,0.0510948905109489,274.0
Jack Leiter,0.0915032679738562,9.746287128712872,0.196078431372549,0.2745098039215686,0.0457516339869281,153.0
Michel Otañez,0.1301369863013698,3.518796992481203,0.3767123287671233,0.184931506849315,0.0136986301369863,146.0
Corbin Burnes,0.0613026819923371,2.932212296374146,0.2196679438058748,0.2094508301404853,0.0268199233716475,783.0
Gerrit Cole,0.075880758807588,3.6688936700260446,0.2547425474254742,0.2059620596205962,0.029810298102981,369.0
Patrick Corbin,0.0694626474442988,5.58213716108453,0.1782437745740498,0.2647444298820445,0.0314547837483617,763.0
Daniel Hudson,0.073170731707317,3.1003937007874014,0.2439024390243902,0.1829268292682926,0.040650406504065,246.0
Joe Kelly,0.1185185185185185,5.163685453931826,0.2518518518518518,0.2222222222222222,0.0296296296296296,135.0
Anthony Molina,0.0839694656488549,6.36755823986195,0.148854961832061,0.2519083969465648,0.015267175572519,262.0
Josh Hader,0.0863309352517985,3.5512965050732803,0.3848920863309352,0.1474820143884892,0.0431654676258992,278.0
Nick Sandlin,0.1144067796610169,3.86958079541383,0.2838983050847458,0.1779661016949152,0.0508474576271186,236.0
Bryan Abreu,0.1027190332326284,3.321033210332103,0.3051359516616314,0.1842900302114803,0.0271903323262839,331.0
Spencer Arrighetti,0.0985691573926868,4.606970058200687,0.2655007949125596,0.2209856915739268,0.0333863275039745,629.0
Joey Cantillo,0.0884353741496598,4.631217838765008,0.2517006802721088,0.1972789115646258,0.0408163265306122,147.0
Pedro Avila,0.1,3.895140348707802,0.2285714285714285,0.2057142857142857,0.0228571428571428,350.0
Eli Morgan,0.0617283950617283,1.5261627906976745,0.2098765432098765,0.1728395061728395,0.0123456790123456,162.0
Ronel Blanco,0.0995607613469985,2.8631452581032413,0.2532942898975109,0.1683748169838946,0.0336749633967789,683.0
Andrew Chafin,0.1204819277108433,3.564998199495859,0.2811244979919678,0.2088353413654618,0.0200803212851405,249.0
Brenan Hanifee,0.0526315789473684,1.98019801980198,0.2017543859649122,0.2280701754385964,0.0175438596491228,114.0
Matt Festa,0.0842105263157894,5.567830313742818,0.231578947368421,0.2,0.0210526315789473,95.0
Will Vest,0.0633802816901408,2.8921998247151617,0.2147887323943662,0.2147887323943662,0.0105633802816901,284.0
Jason Foley,0.08,3.173803526448363,0.184,0.204,0.02,250.0
Tyler Holton,0.0453257790368272,2.2215067611075336,0.2152974504249291,0.1614730878186968,0.0198300283286118,353.0
Ryan Brasier,0.0388349514563106,3.4655371582595302,0.2135922330097087,0.203883495145631,0.029126213592233,103.0
Cal Quantrill,0.1029185867895545,4.718543046357616,0.1689708141321044,0.2288786482334869,0.032258064516129,651.0
Garrett Crochet,0.0550774526678141,3.6508602601762488,0.3511187607573149,0.2065404475043029,0.0309810671256454,581.0
Brant Hurter,0.037037037037037,2.6143790849673203,0.228395061728395,0.1975308641975308,0.0185185185185185,162.0
Adrian Morejon,0.0783582089552238,2.894356005788712,0.2649253731343283,0.2238805970149253,0.0149253731343283,268.0
Jeremiah Estrada,0.0878661087866108,3.040027022462422,0.3849372384937238,0.1673640167364016,0.0167364016736401,239.0
Robert Suarez,0.05859375,2.845849802371541,0.2265625,0.19921875,0.02734375,256.0
Jason Adam,0.082437275985663,1.99197676027113,0.2867383512544803,0.1397849462365591,0.017921146953405,279.0
Yu Darvish,0.0544217687074829,3.344803854094976,0.2414965986394557,0.2040816326530612,0.0374149659863945,294.0
Merrill Kelly,0.0640569395017793,3.706427415796441,0.195729537366548,0.2099644128113879,0.0391459074733096,281.0
Jameson Taillon,0.0472560975609756,3.4114599785204374,0.1875,0.2286585365853658,0.0320121951219512,656.0
Nick Martinez,0.0330882352941176,3.2171581769437,0.2077205882352941,0.2261029411764706,0.0238970588235294,544.0
Manuel Rodríguez,0.0733333333333333,2.2125102431029773,0.2133333333333333,0.1933333333333333,0.02,150.0
Colin Poche,0.0866666666666666,3.722084367245657,0.22,0.1866666666666666,0.0466666666666666,150.0
Edwin Uceta,0.0516129032258064,1.55096011816839,0.3612903225806451,0.1612903225806451,0.0129032258064516,155.0
Brady Singer,0.0679738562091503,3.607616078387707,0.2261437908496732,0.2274509803921568,0.0274509803921568,765.0
Max Fried,0.0801144492131616,3.402544407105137,0.2246065808297568,0.2045779685264663,0.0185979971387696,699.0
Nick Pivetta,0.0607638888888888,4.210147535084563,0.2881944444444444,0.2152777777777778,0.0486111111111111,576.0
Taj Bradley,0.0819964349376114,4.296431007047056,0.2620320855614973,0.2121212121212121,0.0392156862745098,561.0
Jared Shuster,0.0946372239747634,4.294134156609599,0.1640378548895899,0.2302839116719243,0.028391167192429,317.0
Hogan Harris,0.1057692307692307,2.903225806451613,0.1923076923076923,0.2083333333333333,0.0224358974358974,312.0
Miles Mikolas,0.0337552742616033,5.34781825820779,0.1659634317862166,0.2630098452883263,0.0351617440225035,711.0
Landen Roupp,0.1212121212121212,2.7021230967188505,0.2171717171717171,0.1717171717171717,0.005050505050505,198.0
Eduardo Salazar,0.1052631578947368,2.8652281570569507,0.1954887218045112,0.2556390977443609,0.0150375939849624,133.0
Robert Garcia,0.065040650406504,4.308428791246366,0.3008130081300813,0.2235772357723577,0.016260162601626,246.0
Tanner Rainey,0.1288888888888889,4.682809685811487,0.1911111111111111,0.2044444444444444,0.0311111111111111,225.0
Trevor Williams,0.0661764705882353,2.160540135033758,0.2242647058823529,0.1985294117647058,0.0147058823529411,272.0
Ranger Suárez,0.0631067961165048,3.148546824542519,0.2313915857605178,0.215210355987055,0.0210355987055016,618.0
JP Sears,0.062330623306233,4.43298969072165,0.1802168021680217,0.2276422764227642,0.035230352303523,738.0
Bryan Woo,0.026431718061674,3.0183162782698423,0.2048458149779735,0.2048458149779735,0.0308370044052863,454.0
Mike Baumann,0.0980392156862745,5.694200351493849,0.2235294117647059,0.2313725490196078,0.0352941176470588,255.0
Adam Oller,0.1197604790419161,5.065666041275797,0.1976047904191616,0.2095808383233532,0.0359281437125748,167.0
José Berríos,0.0653008962868117,3.375594294770206,0.1907810499359795,0.2074263764404609,0.0384122919334186,781.0
Michael Tonkin,0.0895522388059701,3.683806600153492,0.2477611940298507,0.208955223880597,0.017910447761194,335.0
Caleb Thielbar,0.1137440758293838,5.298735281290885,0.2511848341232227,0.2322274881516587,0.0236966824644549,211.0
Danny Coulombe,0.0380952380952381,2.205110255512776,0.3047619047619048,0.1428571428571428,0.0285714285714285,105.0
Kody Funderburk,0.0986842105263157,5.625,0.2039473684210526,0.2368421052631578,0.0263157894736842,152.0
Trevor Megill,0.0773480662983425,2.801867911941294,0.2707182320441988,0.1767955801104972,0.0220994475138121,181.0
Reid Detmers,0.0989304812834224,6.669906451220994,0.2593582887700534,0.2406417112299465,0.0401069518716577,374.0
Joe Ross,0.090032154340836,3.9317925591882754,0.202572347266881,0.22508038585209,0.022508038585209,311.0
José Buttó,0.1279461279461279,2.602230483271376,0.2592592592592592,0.138047138047138,0.0202020202020202,297.0
Sean Manaea,0.0844875346260387,3.287625042149039,0.2534626038781163,0.1759002770083102,0.0277008310249307,722.0
Frankie Montas,0.0982839313572542,4.849270222343473,0.2215288611544461,0.2152886115444617,0.0358814352574103,641.0
Ryan Helsley,0.085820895522388,2.0667483159828537,0.2873134328358209,0.1828358208955224,0.0111940298507462,268.0
John King,0.048780487804878,2.906680265170831,0.1544715447154471,0.2357723577235772,0.0203252032520325,246.0
Andrew Kittredge,0.0692041522491349,2.848101265822785,0.2283737024221453,0.2076124567474048,0.0346020761245674,289.0
Carlos Rodón,0.0741258741258741,3.9794835514679874,0.2657342657342657,0.213986013986014,0.0405594405594405,715.0
Jared Jones,0.0755102040816326,4.142869320603529,0.2551020408163265,0.2061224489795918,0.036734693877551,490.0
Tommy Kahnle,0.1098265895953757,1.717967072297781,0.2543352601156069,0.1618497109826589,0.0231213872832369,173.0
Cade Povich,0.0990990990990991,5.597620335316386,0.2012012012012012,0.2342342342342342,0.036036036036036,333.0
Pablo López,0.0505992010652463,4.108445137226521,0.2529960053262317,0.2316910785619174,0.033288948069241,751.0
Brendon Little,0.0984455958549222,3.381962864721485,0.1813471502590673,0.1968911917098445,0.0362694300518134,193.0
Xzavion Curry,0.0387096774193548,5.023923444976076,0.1741935483870967,0.232258064516129,0.0451612903225806,155.0
Erik Swanson,0.0864197530864197,5.2631578947368425,0.2160493827160493,0.2160493827160493,0.0679012345679012,162.0
Génesis Cabrera,0.1058394160583941,3.2174195645108874,0.1824817518248175,0.218978102189781,0.0328467153284671,274.0
Darren McCaughan,0.0782122905027933,6.872037914691942,0.1340782122905028,0.2849162011173184,0.0502793296089385,179.0
Kyle Finnegan,0.088235294117647,3.593675131768088,0.2169117647058823,0.2205882352941176,0.0330882352941176,272.0
Jeff Hoffman,0.0622568093385214,1.6463414634146345,0.3385214007782101,0.1712062256809338,0.0194552529182879,257.0
Yariel Rodríguez,0.1076487252124645,4.411224114691827,0.2266288951841359,0.1983002832861189,0.0311614730878186,353.0
MacKenzie Gore,0.0890410958904109,3.944485025566107,0.2452054794520548,0.2356164383561644,0.0205479452054794,730.0
Orion Kerkering,0.0634920634920634,2.3121387283237,0.2896825396825397,0.1944444444444444,0.0079365079365079,252.0
Jose A. Ferrer,0.0483870967741935,2.941176470588235,0.1935483870967742,0.2096774193548387,0.0,124.0
Zack Wheeler,0.0651890482398957,2.5561580170410534,0.2777053455019557,0.1773142112125163,0.0247718383311603,767.0
Derek Law,0.0618279569892473,2.633948671769473,0.1989247311827957,0.2204301075268817,0.0188172043010752,372.0
Hunter Gaddis,0.0503597122302158,1.5898899306971055,0.2338129496402877,0.1546762589928057,0.014388489208633,278.0
Héctor Neris,0.1089494163424124,4.168811116829645,0.2412451361867704,0.2101167315175097,0.0311284046692607,257.0
Cade Smith,0.0586206896551724,1.9414857759201836,0.3517241379310344,0.1724137931034483,0.0034482758620689,290.0
Shawn Dubin,0.1274509803921568,4.266365688487585,0.230392156862745,0.2205882352941176,0.0147058823529411,204.0
Ryan Pressly,0.0766129032258064,3.655951960438008,0.2379032258064516,0.2379032258064516,0.0161290322580645,248.0
Emmanuel Clase,0.0367647058823529,0.6054083142741827,0.25,0.1433823529411764,0.0073529411764705,272.0
Alexis Díaz,0.1265822784810126,4.069451980466631,0.2320675105485232,0.1729957805907173,0.0253164556962025,237.0
Justin Wilson,0.0585365853658536,5.219072164948454,0.248780487804878,0.2585365853658536,0.048780487804878,205.0
Tyson Miller,0.0472103004291845,2.3514043109079035,0.2317596566523605,0.1630901287553648,0.0300429184549356,233.0
Porter Hodge,0.1158536585365853,1.9313304721030045,0.3109756097560975,0.1158536585365853,0.0121951219512195,164.0
Rhett Lowder,0.1,1.4029618082618862,0.1909090909090909,0.2,0.0,110.0
Kyle Hendricks,0.0737410071942446,6.278899975663179,0.1528776978417266,0.2607913669064748,0.0377697841726618,556.0
Justin Lawrence,0.1135531135531135,5.873261205564142,0.1611721611721611,0.2454212454212454,0.0329670329670329,273.0
Jake Bird,0.1351351351351351,4.585987261146497,0.1675675675675675,0.227027027027027,0.027027027027027,185.0
Justin Wrobleski,0.0979020979020979,6.40470297029703,0.1538461538461538,0.2237762237762237,0.0629370629370629,143.0
Angel Chivilli,0.0697674418604651,4.806408544726302,0.2015503875968992,0.2325581395348837,0.0542635658914728,129.0
Tim Herrin,0.09765625,1.9540942928039704,0.2578125,0.1484375,0.0078125,256.0
Ben Lively,0.0725806451612903,3.79746835443038,0.1838709677419354,0.2161290322580645,0.0370967741935483,620.0
Justin Verlander,0.0727762803234501,5.550942948641916,0.1859838274932614,0.2452830188679245,0.0377358490566037,371.0
Sam Long,0.0909090909090909,2.9829545454545454,0.2386363636363636,0.1875,0.0227272727272727,176.0
Bryan Hoeing,0.0651162790697674,2.2251806770635225,0.1953488372093023,0.2,0.0186046511627906,215.0
Ryan Thompson,0.0545454545454545,3.310852237890865,0.1854545454545454,0.2327272727272727,0.0181818181818181,275.0
Scott McGough,0.14,6.970260223048327,0.1666666666666666,0.2133333333333333,0.0333333333333333,150.0
Wandy Peralta,0.0657894736842105,3.9735099337748334,0.1381578947368421,0.2171052631578947,0.0394736842105263,152.0
Justin Martinez,0.116504854368932,2.526670409882089,0.2912621359223301,0.1909385113268608,0.0064724919093851,309.0
A.J. Puk,0.0968858131487889,2.793453724604966,0.3044982698961938,0.1660899653979238,0.0103806228373702,289.0
Eduardo Rodriguez,0.0829268292682926,5.561686161995144,0.2146341463414634,0.2536585365853658,0.0390243902439024,205.0
Kevin Ginkel,0.0515463917525773,3.251915016620899,0.2611683848797251,0.2336769759450171,0.0206185567010309,291.0
Randy Vásquez,0.0663507109004739,5.187037842540234,0.1374407582938388,0.2796208530805687,0.0308056872037914,422.0
Greg Weissert,0.0743494423791821,3.2179424670892245,0.20817843866171,0.2379182156133829,0.0260223048327137,269.0
Luis García,0.0607287449392712,4.818652849740933,0.2105263157894736,0.2348178137651821,0.0323886639676113,247.0
Kevin Kelly,0.0324909747292418,2.718642117376295,0.2274368231046931,0.2129963898916967,0.0252707581227436,277.0
Kutter Crawford,0.0639455782312925,4.167131540778757,0.2299319727891156,0.2040816326530612,0.0448979591836734,735.0
Lucas Sims,0.1395348837209302,4.479469099958523,0.227906976744186,0.1860465116279069,0.0372093023255813,215.0
Daniel Lynch IV,0.0736196319018405,3.4866828087167074,0.2208588957055214,0.1656441717791411,0.0368098159509202,163.0
Michael Lorenzen,0.110091743119266,3.367370800530049,0.1724770642201835,0.1834862385321101,0.0311926605504587,545.0
Drew Rasmussen,0.055045871559633,3.0393996247654784,0.3027522935779816,0.2110091743119266,0.0,109.0
Seth Lugo,0.0558194774346793,3.0201342281879198,0.2125890736342042,0.2114014251781472,0.0190023752969121,842.0
Shane Baz,0.0866666666666666,3.0691583685718182,0.2066666666666666,0.18,0.0266666666666666,300.0
Paul Skenes,0.0630975143403441,1.9774225320100005,0.3193116634799235,0.1797323135755258,0.0191204588910133,523.0
Tyler Rogers,0.017921146953405,2.858380251190992,0.1792114695340501,0.2365591397849462,0.025089605734767,279.0
Kyle Leahy,0.0520833333333333,4.191363251481795,0.1666666666666666,0.2083333333333333,0.0208333333333333,192.0
Spencer Bivens,0.055,3.2122611799286163,0.175,0.23,0.045,200.0
Matthew Liberatore,0.0773480662983425,4.455445544554455,0.2044198895027624,0.218232044198895,0.0303867403314917,362.0
Ryan Walker,0.0561056105610561,1.9389177544037512,0.3267326732673267,0.1617161716171617,0.0165016501650165,303.0
Matt Bowman,0.1031746031746031,4.610655737704918,0.1746031746031746,0.1984126984126984,0.0396825396825396,126.0
Tim Hill,0.064625850340136,3.415819037498102,0.1020408163265306,0.2619047619047619,0.0068027210884353,294.0
Luis Gil,0.1241830065359477,3.2682425488180886,0.2712418300653594,0.1601307189542483,0.022875816993464,612.0
David Bednar,0.1071428571428571,5.847234416154521,0.2222222222222222,0.2142857142857142,0.0357142857142857,252.0
Jalen Beeks,0.0838709677419354,4.532374100719425,0.1741935483870967,0.2419354838709677,0.0193548387096774,310.0
Dennis Santana,0.0709459459459459,3.722084367245657,0.2297297297297297,0.1925675675675675,0.0135135135135135,296.0
Will Warren,0.0857142857142857,9.556786703601109,0.2476190476190476,0.2952380952380952,0.0380952380952381,105.0
Aroldis Chapman,0.1466165413533834,3.840472673559823,0.3646616541353383,0.1654135338345864,0.018796992481203,266.0
Trent Thornton,0.0641891891891891,3.6647009267059816,0.2533783783783784,0.2128378378378378,0.027027027027027,296.0
Tayler Saucedo,0.1071428571428571,3.535882661079099,0.2202380952380952,0.2083333333333333,0.0178571428571428,168.0
Ross Stripling,0.0548302872062663,6.087575649697402,0.1279373368146214,0.2845953002610966,0.0182767624020887,383.0
T.J. McFarland,0.0680851063829787,3.896806783330327,0.1574468085106383,0.225531914893617,0.0170212765957446,235.0
Tyler Ferguson,0.1127450980392156,3.579240405647246,0.2990196078431372,0.1470588235294117,0.0196078431372549,204.0
Austin Voth,0.074074074074074,3.755633450175263,0.242798353909465,0.1851851851851851,0.037037037037037,243.0
Emerson Hancock,0.0630252100840336,4.718004338394794,0.1512605042016806,0.2394957983193277,0.042016806722689,238.0
Joey Estes,0.0482625482625482,4.99184339314845,0.1737451737451737,0.2413127413127413,0.0424710424710424,518.0
JT Chargois,0.0902777777777777,2.2543835235179515,0.2083333333333333,0.1597222222222222,0.0416666666666666,144.0
Sean Hjelle,0.0419161676646706,3.846637335009428,0.2215568862275449,0.2425149700598802,0.029940119760479,334.0
Erik Miller,0.1258741258741259,3.480589022757697,0.3041958041958042,0.1678321678321678,0.0244755244755244,286.0
Camilo Doval,0.1466165413533834,4.970659302726959,0.2857142857142857,0.1992481203007518,0.018796992481203,266.0
Mason Miller,0.084,2.216748768472906,0.412,0.136,0.02,250.0
Collin Snider,0.0773809523809523,1.3293943870014773,0.2678571428571428,0.1964285714285714,0.0238095238095238,168.0
Scott Alexander,0.0875,2.588235294117647,0.19375,0.19375,0.01875,160.0
Andre Pallante,0.096,3.7151702786377703,0.18,0.206,0.016,500.0
Chris Roycroft,0.1034482758620689,4.020250148898154,0.2275862068965517,0.2,0.0137931034482758,145.0
Hunter Strickland,0.0777027027027027,3.4739454094292803,0.1925675675675675,0.1858108108108108,0.0304054054054054,296.0
Dane Dunning,0.0954653937947494,5.365126676602086,0.2147971360381861,0.2315035799522673,0.0429594272076372,419.0
Brock Burke,0.1066666666666666,5.464480874316941,0.26,0.2333333333333333,0.0266666666666666,150.0
Gerson Garabito,0.0961538461538461,4.816797035817209,0.1923076923076923,0.2019230769230769,0.0384615384615384,104.0
Yoshinobu Yamamoto,0.0612244897959183,2.464579116561496,0.282798833819242,0.2040816326530612,0.0174927113702623,343.0
Michael Soroka,0.1294117647058823,4.9334377447141735,0.2323529411764706,0.1941176470588235,0.038235294117647,340.0
Kirby Yates,0.1186440677966101,1.1684518013631937,0.3644067796610169,0.097457627118644,0.0127118644067796,236.0
Beau Brieske,0.1067615658362989,3.569249542403905,0.2419928825622775,0.192170818505338,0.0142348754448398,281.0
Ty Madden,0.0795454545454545,3.601800900450225,0.1704545454545454,0.2386363636363636,0.0113636363636363,88.0
José Quijada,0.1686746987951807,1.8967334035827184,0.2771084337349397,0.144578313253012,0.0120481927710843,83.0
Jared Koenig,0.0888030888030888,2.512727869929381,0.2355212355212355,0.2046332046332046,0.0154440154440154,259.0
Keegan Akin,0.0622950819672131,3.1350793446006966,0.3147540983606557,0.1737704918032787,0.0262295081967213,305.0
Cionel Pérez,0.1201716738197424,4.6241674595623214,0.1931330472103004,0.2017167381974249,0.0,233.0
Louie Varland,0.0717488789237668,7.556675062972292,0.2062780269058296,0.2869955156950672,0.0493273542600896,223.0
Yennier Cano,0.0944881889763779,3.213739160006801,0.2519685039370078,0.2125984251968504,0.0236220472440944,254.0
Devin Williams,0.1219512195121951,1.3068731848983544,0.4634146341463415,0.1219512195121951,0.0121951219512195,82.0
Danny Young,0.1139240506329113,4.591836734693877,0.2974683544303797,0.1772151898734177,0.0189873417721519,158.0
Andrew Heaney,0.0623100303951367,3.9825562752517154,0.2370820668693009,0.2264437689969604,0.0319148936170212,658.0
Reed Garrett,0.1142857142857142,3.181336161187699,0.3306122448979592,0.1918367346938775,0.0244897959183673,245.0
Griffin Canning,0.0871934604904632,5.239781525718744,0.1716621253405994,0.2316076294277929,0.0408719346049046,734.0
Tobias Myers,0.063943161634103,3.090244084496529,0.216696269982238,0.2220248667850799,0.0319715808170515,563.0
Jose Quintana,0.0866477272727272,3.742316499939738,0.1789772727272727,0.2059659090909091,0.03125,704.0
Zebby Matthews,0.0512820512820512,5.714285714285714,0.2435897435897435,0.282051282051282,0.0576923076923076,156.0
Aaron Ashby,0.0892857142857142,2.9659465397290368,0.2946428571428571,0.1785714285714285,0.0178571428571428,112.0
Ryne Stanek,0.1059322033898305,4.979712283290299,0.2754237288135593,0.2033898305084746,0.0338983050847457,236.0
Joel Payamps,0.0779220779220779,3.1077348066298343,0.2424242424242424,0.1688311688311688,0.0303030303030303,231.0
Alex Vesia,0.1215686274509803,1.6819809998442607,0.3254901960784314,0.1215686274509803,0.0274509803921568,255.0
Enyel De Los Santos,0.0912408759124087,5.413753861160786,0.2372262773722627,0.2335766423357664,0.0620437956204379,274.0
Anthony Banda,0.0865384615384615,3.1500926497838173,0.2403846153846154,0.2115384615384615,0.0240384615384615,208.0
Landon Knack,0.0676691729323308,3.739612188365651,0.244360902255639,0.1992481203007518,0.0488721804511278,266.0
Hayden Wesneski,0.0769230769230769,3.9780521262002746,0.2417582417582417,0.2014652014652014,0.0439560439560439,273.0
Tony Santillan,0.0769230769230769,3.1098825155494123,0.3846153846153846,0.1794871794871795,0.0341880341880341,117.0
Nate Pearson,0.0744680851063829,4.576271186440677,0.2588652482269503,0.2340425531914893,0.0425531914893617,282.0
Brent Suter,0.0449438202247191,3.2207873035630934,0.1872659176029962,0.2322097378277153,0.0374531835205992,267.0
Keegan Thompson,0.1338582677165354,2.6732673267326734,0.2834645669291338,0.1496062992125984,0.0236220472440944,127.0
Drew Smyly,0.0980392156862745,3.88668163758853,0.2156862745098039,0.2196078431372549,0.0392156862745098,255.0
Fernando Cruz,0.1170212765957446,4.995374653098983,0.3794326241134751,0.1914893617021276,0.0319148936170212,282.0
Michael Kopech,0.1223021582733813,3.5135135135135136,0.3093525179856115,0.158273381294964,0.0323741007194244,278.0
Ryan Feltner,0.0733137829912023,4.664704376759662,0.1979472140762463,0.2390029325513196,0.0293255131964809,682.0
Evan Phillips,0.0762331838565022,3.762827822120866,0.2690582959641255,0.2152466367713004,0.0269058295964125,223.0
Victor Vodnik,0.1134969325153374,4.056822838410053,0.1993865030674846,0.2116564417177914,0.0184049079754601,326.0
Hunter Greene,0.0910623946037099,2.9327902240325865,0.2799325463743676,0.163575042158516,0.0219224283305227,593.0
Carson Fulmer,0.1031746031746031,4.189456534388455,0.2142857142857142,0.2142857142857142,0.0291005291005291,378.0
David Robertson,0.0890410958904109,3.045255886084872,0.3356164383561644,0.1815068493150685,0.0171232876712328,292.0
Roansy Contreras,0.1020408163265306,3.974679817459149,0.1904761904761904,0.2040816326530612,0.0340136054421768,294.0
José Leclerc,0.1122807017543859,4.394933618190142,0.3052631578947368,0.1964912280701754,0.0245614035087719,285.0
Fraser Ellard,0.1122448979591836,3.930131004366812,0.2551020408163265,0.1836734693877551,0.0306122448979591,98.0
Gus Varland,0.0707964601769911,3.605769230769231,0.2389380530973451,0.2654867256637168,0.0176991150442477,113.0
Keider Montero,0.0728155339805825,4.816369359916055,0.1820388349514563,0.233009708737864,0.0461165048543689,412.0
Kenta Maeda,0.0635593220338983,5.939765755716676,0.1927966101694915,0.2521186440677966,0.0444915254237288,472.0
Jonathan Cannon,0.0717054263565891,4.375890686562159,0.1705426356589147,0.2344961240310077,0.0329457364341085,516.0
Casey Mize,0.0601336302895322,4.368066561014262,0.1737193763919821,0.2650334075723831,0.0244988864142538,449.0
Kris Bubic,0.0423728813559322,2.7645051194539247,0.3220338983050847,0.211864406779661,0.0169491525423728,118.0
Luke Jackson,0.1101694915254237,5.135032331685052,0.2457627118644068,0.2203389830508474,0.0296610169491525,236.0
Carlos Hernández,0.1209677419354838,3.5007072135785005,0.2096774193548387,0.1935483870967742,0.0080645161290322,124.0
John Schreiber,0.0884955752212389,3.815028901734104,0.1991150442477876,0.2212389380530973,0.0088495575221238,226.0
Angel Zerpa,0.0769230769230769,3.91600454029512,0.2051282051282051,0.2435897435897435,0.0256410256410256,234.0
Yuki Matsui,0.1027667984189723,3.842995565774347,0.2687747035573122,0.1739130434782608,0.0316205533596837,253.0
Ryne Nelson,0.0538827258320126,4.329268292682927,0.1980982567353407,0.2440570522979397,0.0269413629160063,631.0
Martín Pérez,0.0804794520547945,4.250780833396815,0.1780821917808219,0.2448630136986301,0.035958904109589,584.0
Joe Mantiply,0.073170731707317,3.980268753189318,0.2113821138211382,0.2113821138211382,0.0040650406504065,246.0
Brandon Pfaadt,0.0546666666666666,4.799455380949679,0.2346666666666666,0.24,0.032,750.0
Matt Waldron,0.0661157024793388,4.7959612957509465,0.2148760330578512,0.2264462809917355,0.0314049586776859,605.0
Buck Farmer,0.0952380952380952,3.090570897124052,0.238095238095238,0.1904761904761904,0.0238095238095238,294.0
Ethan Roberts,0.0789473684210526,2.8059236165237724,0.2280701754385964,0.2456140350877192,0.0263157894736842,114.0
Quinn Priester,0.0653266331658291,5.03919372900336,0.1557788944723618,0.2613065326633166,0.0351758793969849,199.0
Ryan Pepiot,0.0881226053639846,3.644013972689743,0.2624521072796935,0.1877394636015325,0.0325670498084291,522.0
Josh Winckowski,0.0787878787878787,4.2033626901521215,0.1757575757575757,0.2393939393939393,0.0303030303030303,330.0
Justin Slaten,0.0412844036697247,2.985074626865672,0.2660550458715596,0.2110091743119266,0.018348623853211,218.0
Richard Lovelady,0.0758620689655172,4.598737601442741,0.1793103448275862,0.2344827586206896,0.0206896551724137,145.0
Chris Martin,0.0167597765363128,3.53185595567867,0.2737430167597765,0.2569832402234637,0.0279329608938547,179.0
Charlie Morton,0.0906474820143884,4.082774049217002,0.2359712230215827,0.2143884892086331,0.0302158273381294,695.0
Alec Marsh,0.0737240075614366,4.647035094796289,0.2287334593572778,0.2230623818525519,0.0340264650283553,529.0
Eduard Bazardo,0.081081081081081,4.943244232881728,0.2972972972972973,0.1801801801801801,0.018018018018018,111.0
Anthony Bender,0.0765765765765765,4.189294026377036,0.2567567567567567,0.2252252252252252,0.0135135135135135,222.0
Mitch Spence,0.0684292379471228,4.349601797018583,0.1881804043545878,0.2457231726283048,0.0295489891135303,643.0
Taylor Rogers,0.0869565217391304,2.4320216179699377,0.2490118577075099,0.2094861660079051,0.0276679841897233,253.0
Randy Rodríguez,0.0747663551401869,3.8641686182669783,0.2429906542056074,0.205607476635514,0.0186915887850467,214.0
Steven Matz,0.078125,5.195105056568922,0.171875,0.2447916666666666,0.0364583333333333,192.0
Gabe Speier,0.134020618556701,5.174701459531181,0.3195876288659793,0.1649484536082474,0.0206185567010309,97.0
Joe Boyle,0.1751152073732718,6.653620352250489,0.2488479262672811,0.1889400921658986,0.0184331797235023,217.0
Kyle Muller,0.050251256281407,4.185161699429296,0.1758793969849246,0.236180904522613,0.0301507537688442,199.0
Hayden Birdsong,0.1351351351351351,4.657696288629307,0.2601351351351351,0.179054054054054,0.0337837837837837,296.0
Matt Strahm,0.0472103004291845,1.8895348837209305,0.334763948497854,0.1545064377682403,0.0171673819742489,233.0
Tanner Banks,0.0811688311688311,4.042672655811342,0.2467532467532467,0.224025974025974,0.0194805194805194,308.0
José Alvarado,0.1081081081081081,4.157043879907621,0.2393822393822393,0.1891891891891892,0.0231660231660231,259.0
Jake Irvin,0.0638852672750977,4.222585924713584,0.1994784876140808,0.2190352020860495,0.0378096479791395,767.0
Aaron Nola,0.06150061500615,3.520873011787718,0.2337023370233702,0.2214022140221402,0.035670356703567,813.0
Dillon Tate,0.0696202531645569,4.54800673778776,0.1582278481012658,0.2531645569620253,0.0126582278481012,158.0
José Ruiz,0.0744186046511627,3.783783783783784,0.2325581395348837,0.227906976744186,0.0372093023255813,215.0
Ryan Burr,0.0902255639097744,3.703703703703704,0.3458646616541353,0.1954887218045112,0.0300751879699248,133.0
Ryan Yarbrough,0.08,3.3780160857908847,0.1626666666666666,0.1733333333333333,0.0293333333333333,375.0
Ryan Weathers,0.0650887573964497,3.809760956175299,0.2189349112426035,0.2218934911242603,0.0325443786982248,338.0
Logan Gilbert,0.0466582597730138,3.3264340626848017,0.2686002522068096,0.1853720050441362,0.0327868852459016,793.0
Jacob Webb,0.1158798283261802,3.079416531604538,0.2446351931330472,0.167381974248927,0.0171673819742489,233.0
Colin Rea,0.0583941605839416,4.16821044831419,0.1897810218978102,0.2321167883211679,0.0408759124087591,685.0
Nathan Eovaldi,0.0607407407407407,3.959912001955512,0.2385185185185185,0.2118518518518518,0.034074074074074,675.0
Hoby Milner,0.0524344569288389,4.844071552952351,0.2397003745318352,0.2359550561797752,0.0224719101123595,267.0
Jack Kochanowicz,0.0365853658536585,4.012345679012346,0.0975609756097561,0.2520325203252032,0.0284552845528455,246.0
DL Hall,0.1105263157894736,5.2721503539175005,0.2263157894736842,0.2421052631578947,0.031578947368421,190.0
Joey Wentz,0.1081081081081081,4.779969650986343,0.2432432432432432,0.2229729729729729,0.027027027027027,296.0
Tim Mayza,0.0773195876288659,6.496631376323387,0.1391752577319587,0.2783505154639175,0.0257731958762886,194.0
Ian Hamilton,0.0869565217391304,3.937653814602133,0.2484472049689441,0.2298136645962732,0.0124223602484472,161.0
Luke Weaver,0.0797546012269938,2.932303608060818,0.3098159509202454,0.156441717791411,0.0306748466257668,326.0
Carmen Mlodzinski,0.0817307692307692,3.2206759443339963,0.2163461538461538,0.1923076923076923,0.0144230769230769,208.0
Colin Holderman,0.1152073732718894,3.064290006008412,0.2442396313364055,0.1935483870967742,0.0276497695852534,217.0
Seranthony Domínguez,0.0816326530612244,4.50621546961326,0.2693877551020408,0.2081632653061224,0.0489795918367346,245.0
Mark Leiter Jr.,0.0816326530612244,4.591836734693877,0.3387755102040816,0.2204081632653061,0.0326530612244898,245.0
Clarke Schmidt,0.0769230769230769,2.546438676343953,0.2603550295857988,0.2011834319526627,0.0236686390532544,338.0
Bailey Falter,0.0707070707070707,4.264178033022254,0.1632996632996633,0.2255892255892256,0.0269360269360269,594.0
David Peterson,0.0870445344129554,3.08002808002808,0.1882591093117409,0.2206477732793522,0.0161943319838056,494.0
Scott Blewett,0.0853658536585365,1.8320610687022905,0.2073170731707317,0.1951219512195122,0.024390243902439,82.0
Cole Sands,0.0390070921985815,3.047834062367716,0.2978723404255319,0.2056737588652482,0.0212765957446808,282.0
Jorge Alcala,0.0862068965517241,3.30188679245283,0.2413793103448276,0.1724137931034483,0.0344827586206896,232.0
Clay Holmes,0.0820895522388059,3.1997414350355524,0.25,0.2238805970149253,0.0149253731343283,268.0
Albert Suárez,0.0762250453720508,3.738537502939102,0.1887477313974591,0.2286751361161524,0.0272232304900181,551.0
Bailey Ober,0.0618705035971223,3.9391845196959223,0.2690647482014388,0.1884892086330935,0.037410071942446,695.0
Phil Maton,0.0919540229885057,3.3972947467757155,0.2298850574712643,0.1762452107279693,0.0268199233716475,261.0
Pierce Johnson,0.1054852320675105,3.420814479638009,0.2784810126582278,0.1940928270042194,0.0210970464135021,237.0
Edwin Díaz,0.0913461538461538,3.2909930715935336,0.3942307692307692,0.1586538461538461,0.0336538461538461,208.0
Aaron Bummer,0.0702479338842975,3.629697525206233,0.2809917355371901,0.2520661157024793,0.0082644628099173,242.0
Joe Jiménez,0.084870848708487,2.6619343389529724,0.3025830258302583,0.1660516605166051,0.007380073800738,271.0
Huascar Brazobán,0.1137440758293838,3.5587188612099645,0.2369668246445497,0.1658767772511848,0.0094786729857819,211.0
Adam Ottavino,0.0970464135021097,4.427035889961742,0.2911392405063291,0.2067510548523206,0.0253164556962025,237.0
Reynaldo López,0.0756756756756756,2.000296340198548,0.2648648648648649,0.1945945945945946,0.018018018018018,555.0
Dylan Lee,0.0699588477366255,2.12694125590817,0.3127572016460905,0.1975308641975308,0.0288065843621399,243.0
Raisel Iglesias,0.0509803921568627,1.976284584980237,0.2666666666666666,0.1450980392156863,0.0156862745098039,255.0
Tylor Megill,0.0970873786407767,3.9823008849557526,0.2686084142394822,0.2006472491909385,0.0194174757281553,309.0
Spencer Schwellenbach,0.0484210526315789,3.4722222222222223,0.2568421052631578,0.2147368421052631,0.0294736842105263,475.0
Grant Holmes,0.0514705882352941,3.77974801679888,0.2316176470588235,0.2389705882352941,0.025735294117647,272.0
